[{"key": "z_probe_offset", "name": "Z Probe Offset", "url": "https://framagit.org/razer/octoprint_z_probe_offset"}, {"key": "wifistatus", "name": "WiFi Status", "url": "https://github.com/ManuelMcLure/OctoPrint-WiFiStatus"}, {"key": "prusaslicerthumbnails", "name": "Slicer Thumbnails", "url": "https://github.com/jneilliii/OctoPrint-PrusaSlicerThumbnails"}, {"key": "PrintJobHistory", "name": "PrintJobHistory", "url": "https://github.com/dojohnso/OctoPrint-PrintJobHistory"}, {"key": "preheat", "name": "Preheat Button", "url": "https://github.com/marian42/octoprint-preheat"}, {"key": "powerfailure", "name": "Power Failure Recovery", "url": "https://github.com/pablogventura/OctoPrint-PowerFailure"}, {"key": "smsnotifier", "name": "SMS Notifier (with Twilio)", "url": "https://github.com/taxilian/OctoPrint-Twilio"}, {"key": "SpoolManager", "name": "SpoolManager Plugin", "url": "https://github.com/WildRikku/OctoPrint-SpoolManager"}, {"key": "SkipTo", "name": "SkipTo", "url": "https://github.com/awe-source/OctoPrint-SkipTo"}, {"key": "simpleemergencystop", "name": "Simple Emergency Stop", "url": "https://github.com/Sebclem/OctoPrint-SimpleEmergencyStop"}, {"key": "resource_monitor", "name": "Resource Monitor", "url": "https://github.com/Renaud11232/OctoPrint-Resource-Monitor"}, {"key": "PrintTimeGenius", "name": "PrintTimeGenius Plugin", "url": "https://github.com/eyal0/OctoPrint-PrintTimeGenius"}, {"key": "prettygcode", "name": "PrettyGCode", "url": "https://github.com/Kragrathea/OctoPrint-PrettyGCode"}, {"key": "marlin_flasher", "name": "Marlin Flasher", "url": "https://github.com/Renaud11232/Octoprint-Marlin-Flasher"}, {"key": "HeaterTimeout", "name": "HeaterTimeout", "url": "https://github.com/Andy-ch/OctoPrint-HeaterTimeout"}, {"key": "gridspace", "name": "GridSpace Plugin", "url": "https://github.com/GridSpace/OctoPrint-GridSpace"}, {"key": "gcode_macro", "name": "Gcode Macros", "url": "https://github.com/cp2004/OctoPrint-GcodeMacros"}, {"key": "GcodeEditor", "name": "GcodeEditor", "url": "https://github.com/ieatacid/OctoPrint-GcodeEditor"}, {"key": "fullscreen", "name": "Fullscreen Plugin", "url": "https://github.com/BillyBlaze/OctoPrint-FullScreen"}, {"key": "firmwareupdater", "name": "Firmware Updater", "url": "https://github.com/OctoPrint/OctoPrint-FirmwareUpdater"}, {"key": "filemanager", "name": "FileManager", "url": "https://github.com/Salandora/OctoPrint-FileManager"}, {"key": "fanspeedslider", "name": "Fan Speed Control", "url": "https://github.com/mival/OctoPrint-FanSpeedSlider"}, {"key": "excluderegion", "name": "Exclude Region", "url": "https://github.com/bradcfisher/OctoPrint-ExcludeRegionPlugin"}, {"key": "displayprogress", "name": "DisplayProgress", "url": "https://github.com/OctoPrint/OctoPrint-DisplayProgress"}, {"key": "costestimation", "name": "Cost Estimation", "url": "https://github.com/OllisGit/OctoPrint-CostEstimation"}, {"key": "cancelobject", "name": "Cancel Objects", "url": "https://github.com/paukstelis/OctoPrint-Cancelobject"}, {"key": "camerasettings", "name": "Camera Settings", "url": "https://github.com/The-EG/OctoPrint-CameraSettings"}, {"key": "BLTouch", "name": "BLTouch Plugin", "url": "https://github.com/jneilliii/OctoPrint-Bltouch"}, {"key": "bedcooldown", "name": "Bed Cooldown", "url": "https://github.com/rfinnie/OctoPrint-BedCooldown"}, {"key": "babystepping", "name": "Baby Stepping", "url": "https://github.com/jneilliii/OctoPrint-BabyStepping"}, {"key": "autoselect", "name": "Autoselect Plugin", "url": "https://github.com/OctoPrint/OctoPrint-Autoselect"}, {"key": "autoscroll", "name": "Autoscroll", "url": "https://github.com/MoonshineSG/OctoPrint-Autoscroll"}, {"key": "octolapse", "name": "Octolapse", "url": "https://github.com/FormerLurker/Octolapse"}, {"key": "octoeverywhere", "name": "OctoEverywhere!", "url": "http://www.OctoEverywhere.com"}, {"key": "eeprom_marlin", "name": "Marlin EEPROM Editor", "url": "https://github.com/cp2004/OctoPrint-EEPROM-Marlin"}, {"key": "macro", "name": "Macro", "url": "https://github.com/mike1pol/octoprint_macro"}, {"key": "googledrivefiles", "name": "Google Drive Files", "url": "https://github.com/jneilliii/OctoPrint-GoogleDriveFiles"}, {"key": "googledrivebackup", "name": "Google Drive Backup", "url": "https://github.com/jneilliii/OctoPrint-GoogleDriveBackup"}, {"key": "emergencystopsimplified", "name": "Emergency Stop Simplified", "url": "https://github.com/Mechazawa/Emergency_stop_simplified"}, {"key": "DryRun", "name": "DryRun Plugin", "url": "https://github.com/OllisGit/OctoPrint-DryRun"}, {"key": "DisplayLayerProgress", "name": "DisplayLayerProgress Plugin", "url": "https://github.com/OllisGit/OctoPrint-DisplayLayerProgress"}, {"key": "continuousprint", "name": "Continuous Print", "url": "https://github.com/smartin015/continuousprint"}, {"key": "bedlevelvisualizer", "name": "Bed Visualizer", "url": "https://github.com/jneilliii/OctoPrint-BedLevelVisualizer"}, {"key": "printwatch", "name": "PrintWatch", "url": "https://github.com/printpal-io/OctoPrint-PrintWatch"}, {"key": "gpiocontrol", "name": "GPIO Control", "url": "https://github.com/catgiggle/OctoPrint-GpioControl"}, {"key": "detailedprogress", "name": "Detailed Progress", "url": "https://github.com/tpmullan/OctoPrint-DetailedProgress"}, {"key": "octolight", "name": "OctoLight", "url": "https://github.com/thomst08/OctoLight"}, {"key": "gpiofancontroller", "name": "GPIO FAN Controller", "url": "https://github.com/z4gunn/OctoPrint-GpioFanController"}, {"key": "bedcheckai", "name": "Bed Check AI", "url": "https://github.com/printpal-io/OctoPrint-BedCheckAI"}]