{
  "last_version": "1.10.2",
  "seen_versions": 2,
  "server_starts": 89,
  "prints_started": 782,
  "prints_cancelled": 0,
  "prints_errored": 0,
  "prints_finished": 511,
  "prints_started_per_weekday": {
    "3": 104,
    "4": 91,
    "5": 107,
    "6": 119,
    "0": 128,
    "1": 116,
    "2": 117
  },
  "print_duration_total": 2870372.2544452175,
  "print_duration_cancelled": 0.0,
  "print_duration_errored": 0.0,
  "print_duration_finished": 2216741.7609417904,
  "longest_print_duration": 36317.29016764206,
  "longest_print_date": 1719407172,
  "files_uploaded": 749,
  "files_deleted": 40,
  "plugins_installed": 61,
  "plugins_uninstalled": 10,
  "most_plugins": 72,
  "achievements": 19
}