{
  "stats": {
    "last_version": "1.10.2",
    "seen_versions": 2,
    "server_starts": 89,
    "prints_started": 782,
    "prints_cancelled": 0,
    "prints_errored": 0,
    "prints_finished": 535,
    "prints_started_per_weekday": {
      "3": 104,
      "4": 91,
      "5": 107,
      "6": 119,
      "0": 128,
      "1": 116,
      "2": 117
    },
    "print_duration_total": 2870372.2544452175,
    "print_duration_cancelled": 0.0,
    "print_duration_errored": 0.0,
    "print_duration_finished": 2216741.7609417904,
    "longest_print_duration": 36317.29016764206,
    "longest_print_date": 1719407172,
    "files_uploaded": 749,
    "files_deleted": 40,
    "plugins_installed": 61,
    "plugins_uninstalled": 10,
    "most_plugins": 72,
    "created": 1663806315,
    "created_version": "1.10.1"
  },
  "achievements": {
    "the_wizard": 1663806317,
    "adventurer": 1717707339,
    "one_small_step_for_man": 1717712637,
    "night_owl": 1717735766,
    "all_beginnings_are_hard": 1717735952,
    "tgif": 1717736846,
    "so_close": 1717799033,
    "the_manufacturer_i": 1717888551,
    "cant_get_enough": 1718076771,
    "one_of_those_days": 1718462718,
    "tinkerer": 1718471589,
    "the_collector_i": 1718476354,
    "sprint": 1719080368,
    "the_manufacturer_ii": 1719278577,
    "early_bird": 1719483817,
    "better_safe_than_sorry": 1719524371,
    "weekend_warrior": 1720311729,
    "the_collector_ii": 1723341356,
    "achievement_not_found": 1724709625
  },
  "state": {
    "date_last_print": "2024-10-22",
    "prints_today": 2,
    "date_last_cancelled_print": "2024-10-21",
    "prints_cancelled_today": 4,
    "consecutive_prints_cancelled_today": 0,
    "file_last_print": "local:RaspberryPi_3_-_Top_No_fan_With_Air_Holes_And_Open_SD_Card_PETG_2h50m.gcode:1729577384",
    "consecutive_prints_of_same_file": 1,
    "date_last_weekend_print": "2024-10-20",
    "consecutive_weekend_prints": 19
  }
}